title,company,link,page
Senior TypeScript SDK Engineer,NEW,https://weworkremotely.com/remote-jobs/nutrient-senior-typescript-sdk-engineer,2
Senior Web Engineer,3d,https://weworkremotely.com/remote-jobs/young-americans-for-liberty-senior-web-engineer,2
Software engineer,3d,https://weworkremotely.com/remote-jobs/sticker-mule-software-engineer-1,2
React/Node Fullstack Developer,4d,https://weworkremotely.com/remote-jobs/clouddevs-react-node-fullstack-developer-4,2
WordPress Plugins & Themes developer,28d,https://weworkremotely.com/remote-jobs/melapress-wordpress-plugins-themes-developer,2
"Software Engineer (Frontend, Backend, or Full stack)",7d,https://weworkremotely.com/remote-jobs/subscript-software-engineer-frontend-backend-or-full-stack-2,2
acecompressionfittings.com Remote E-Commerce Manager (Shopify + ERP + Digital Campaigns),9d,https://weworkremotely.com/remote-jobs/ace-stainless-supply-acecompressionfittings-com-remote-e-commerce-manager-shopify-erp-digital-campaigns,2
"Remote C# .NET Developer (WinForms, Trading Platform) – Exceptional Talent Wanted",10d,https://weworkremotely.com/remote-jobs/jigsaw-trading-limited-remote-csharp-net-developer-winforms-trading-platform-exceptional-talent-wanted,2
Senior Software Engineer,13d,https://weworkremotely.com/remote-jobs/intellisync-srl-senior-software-engineer,2
Experienced Laravel Developer - APAC Region,15d,https://weworkremotely.com/remote-jobs/zapiet-experienced-laravel-developer-apac-region,2
Senior Support Engineer,16d,https://weworkremotely.com/remote-jobs/carebit-senior-support-engineer,2
Sr. Full Stack Software Engineer (React Native),17d,https://weworkremotely.com/remote-jobs/meo-health-sr-full-stack-software-engineer-react-native,2
Senior Full Stack Engineer,20d,https://weworkremotely.com/remote-jobs/sonix-senior-full-stack-engineer,2
Senior Independent Software Developer ($90-$170/hr),20d,https://weworkremotely.com/remote-jobs/a-team-senior-independent-software-developer-90-170-hr,2
Senior Full-Stack Software Engineer (Remote),20d,https://weworkremotely.com/remote-jobs/skedda-senior-full-stack-software-engineer-remote-1,2
Senior Fullstack Developer,21d,https://weworkremotely.com/remote-jobs/proxify-ab-senior-fullstack-developer-1,2
Senior Full-Stack Engineer,22d,https://weworkremotely.com/remote-jobs/uncap-senior-full-stack-engineer,2
Senior Business Development Executive - IT Sales (US Market Remote),22d,https://weworkremotely.com/remote-jobs/unico-connect-senior-business-development-executive-it-sales-us-market-remote,2
Frappe/ERPNext Developer (Remote),22d,https://weworkremotely.com/remote-jobs/findev-financial-software-systems-frappe-erpnext-developer-remote,2
Freelance Facebook & Google Ads Expert - India Remote $10K-$15K per Campaign,22d,https://weworkremotely.com/remote-jobs/canara-bank-securities-limited-freelance-facebook-google-ads-expert-india-remote-10k-15k-per,2
Senior MS Dynamics 365 Developer - URGENT - Full remote - contractor in USD,22d,https://weworkremotely.com/remote-jobs/all-european-careers-senior-ms-dynamics-365-developer-urgent-full-remote-contractor,2
Business Development Manager (Remote),22d,https://weworkremotely.com/remote-jobs/airblack-business-development-manager-remote,2
Javascript Fullstack Engineer - Senior,23d,https://weworkremotely.com/remote-jobs/lumenalta-javascript-fullstack-engineer-senior,2
Senior Business Development Executive - IT Sales (Austria and New Zealand regions Remote),23d,https://weworkremotely.com/remote-jobs/unico-connect-senior-business-development-executive-it-sales-austria-and-new-zealand-regions-remote,2
"Software Engineer, Business Experience",24d,https://weworkremotely.com/remote-jobs/codesignal-software-engineer-business-experience,2
Senior Shopify Developer (Remote + Flexible),24d,https://weworkremotely.com/remote-jobs/storetasker-senior-shopify-developer-remote-flexible-3,2
Senior Backend Engineer,25d,https://weworkremotely.com/remote-jobs/elevate-labs-senior-backend-engineer-1,2
Lead Full Stack Engineer,27d,https://weworkremotely.com/remote-jobs/child-mind-institute-lead-full-stack-engineer,2
Technical Solutions Consultant,28d,https://weworkremotely.com/remote-jobs/bema-information-technologies-technical-solutions-consultant,2
Software Developer,28d,https://weworkremotely.com/remote-jobs/bema-information-technologies-software-developer,2
Head of Engineering,30d,https://weworkremotely.com/remote-jobs/zanda-health-head-of-engineering,2
Senior TypeScript SDK Engineer,NEW,https://weworkremotely.com/remote-jobs/nutrient-senior-typescript-sdk-engineer,3
Senior Web Engineer,3d,https://weworkremotely.com/remote-jobs/young-americans-for-liberty-senior-web-engineer,3
Software engineer,3d,https://weworkremotely.com/remote-jobs/sticker-mule-software-engineer-1,3
React/Node Fullstack Developer,4d,https://weworkremotely.com/remote-jobs/clouddevs-react-node-fullstack-developer-4,3
WordPress Plugins & Themes developer,28d,https://weworkremotely.com/remote-jobs/melapress-wordpress-plugins-themes-developer,3
"Software Engineer (Frontend, Backend, or Full stack)",7d,https://weworkremotely.com/remote-jobs/subscript-software-engineer-frontend-backend-or-full-stack-2,3
acecompressionfittings.com Remote E-Commerce Manager (Shopify + ERP + Digital Campaigns),9d,https://weworkremotely.com/remote-jobs/ace-stainless-supply-acecompressionfittings-com-remote-e-commerce-manager-shopify-erp-digital-campaigns,3
"Remote C# .NET Developer (WinForms, Trading Platform) – Exceptional Talent Wanted",10d,https://weworkremotely.com/remote-jobs/jigsaw-trading-limited-remote-csharp-net-developer-winforms-trading-platform-exceptional-talent-wanted,3
Senior Software Engineer,13d,https://weworkremotely.com/remote-jobs/intellisync-srl-senior-software-engineer,3
Experienced Laravel Developer - APAC Region,15d,https://weworkremotely.com/remote-jobs/zapiet-experienced-laravel-developer-apac-region,3
Senior Support Engineer,16d,https://weworkremotely.com/remote-jobs/carebit-senior-support-engineer,3
Sr. Full Stack Software Engineer (React Native),17d,https://weworkremotely.com/remote-jobs/meo-health-sr-full-stack-software-engineer-react-native,3
Senior Full Stack Engineer,20d,https://weworkremotely.com/remote-jobs/sonix-senior-full-stack-engineer,3
Senior Independent Software Developer ($90-$170/hr),20d,https://weworkremotely.com/remote-jobs/a-team-senior-independent-software-developer-90-170-hr,3
Senior Full-Stack Software Engineer (Remote),20d,https://weworkremotely.com/remote-jobs/skedda-senior-full-stack-software-engineer-remote-1,3
Senior Fullstack Developer,21d,https://weworkremotely.com/remote-jobs/proxify-ab-senior-fullstack-developer-1,3
Senior Full-Stack Engineer,22d,https://weworkremotely.com/remote-jobs/uncap-senior-full-stack-engineer,3
Senior Business Development Executive - IT Sales (US Market Remote),22d,https://weworkremotely.com/remote-jobs/unico-connect-senior-business-development-executive-it-sales-us-market-remote,3
Frappe/ERPNext Developer (Remote),22d,https://weworkremotely.com/remote-jobs/findev-financial-software-systems-frappe-erpnext-developer-remote,3
Freelance Facebook & Google Ads Expert - India Remote $10K-$15K per Campaign,22d,https://weworkremotely.com/remote-jobs/canara-bank-securities-limited-freelance-facebook-google-ads-expert-india-remote-10k-15k-per,3
Senior MS Dynamics 365 Developer - URGENT - Full remote - contractor in USD,22d,https://weworkremotely.com/remote-jobs/all-european-careers-senior-ms-dynamics-365-developer-urgent-full-remote-contractor,3
Business Development Manager (Remote),22d,https://weworkremotely.com/remote-jobs/airblack-business-development-manager-remote,3
Javascript Fullstack Engineer - Senior,23d,https://weworkremotely.com/remote-jobs/lumenalta-javascript-fullstack-engineer-senior,3
Senior Business Development Executive - IT Sales (Austria and New Zealand regions Remote),23d,https://weworkremotely.com/remote-jobs/unico-connect-senior-business-development-executive-it-sales-austria-and-new-zealand-regions-remote,3
"Software Engineer, Business Experience",24d,https://weworkremotely.com/remote-jobs/codesignal-software-engineer-business-experience,3
Senior Shopify Developer (Remote + Flexible),24d,https://weworkremotely.com/remote-jobs/storetasker-senior-shopify-developer-remote-flexible-3,3
Senior Backend Engineer,25d,https://weworkremotely.com/remote-jobs/elevate-labs-senior-backend-engineer-1,3
Lead Full Stack Engineer,27d,https://weworkremotely.com/remote-jobs/child-mind-institute-lead-full-stack-engineer,3
Technical Solutions Consultant,28d,https://weworkremotely.com/remote-jobs/bema-information-technologies-technical-solutions-consultant,3
Software Developer,28d,https://weworkremotely.com/remote-jobs/bema-information-technologies-software-developer,3
Head of Engineering,30d,https://weworkremotely.com/remote-jobs/zanda-health-head-of-engineering,3
Senior TypeScript SDK Engineer,NEW,https://weworkremotely.com/remote-jobs/nutrient-senior-typescript-sdk-engineer,4
Senior Web Engineer,3d,https://weworkremotely.com/remote-jobs/young-americans-for-liberty-senior-web-engineer,4
Software engineer,3d,https://weworkremotely.com/remote-jobs/sticker-mule-software-engineer-1,4
React/Node Fullstack Developer,4d,https://weworkremotely.com/remote-jobs/clouddevs-react-node-fullstack-developer-4,4
WordPress Plugins & Themes developer,28d,https://weworkremotely.com/remote-jobs/melapress-wordpress-plugins-themes-developer,4
"Software Engineer (Frontend, Backend, or Full stack)",7d,https://weworkremotely.com/remote-jobs/subscript-software-engineer-frontend-backend-or-full-stack-2,4
acecompressionfittings.com Remote E-Commerce Manager (Shopify + ERP + Digital Campaigns),9d,https://weworkremotely.com/remote-jobs/ace-stainless-supply-acecompressionfittings-com-remote-e-commerce-manager-shopify-erp-digital-campaigns,4
"Remote C# .NET Developer (WinForms, Trading Platform) – Exceptional Talent Wanted",10d,https://weworkremotely.com/remote-jobs/jigsaw-trading-limited-remote-csharp-net-developer-winforms-trading-platform-exceptional-talent-wanted,4
Senior Software Engineer,13d,https://weworkremotely.com/remote-jobs/intellisync-srl-senior-software-engineer,4
Experienced Laravel Developer - APAC Region,15d,https://weworkremotely.com/remote-jobs/zapiet-experienced-laravel-developer-apac-region,4
Senior Support Engineer,16d,https://weworkremotely.com/remote-jobs/carebit-senior-support-engineer,4
Sr. Full Stack Software Engineer (React Native),17d,https://weworkremotely.com/remote-jobs/meo-health-sr-full-stack-software-engineer-react-native,4
Senior Full Stack Engineer,20d,https://weworkremotely.com/remote-jobs/sonix-senior-full-stack-engineer,4
Senior Independent Software Developer ($90-$170/hr),20d,https://weworkremotely.com/remote-jobs/a-team-senior-independent-software-developer-90-170-hr,4
Senior Full-Stack Software Engineer (Remote),20d,https://weworkremotely.com/remote-jobs/skedda-senior-full-stack-software-engineer-remote-1,4
Senior Fullstack Developer,21d,https://weworkremotely.com/remote-jobs/proxify-ab-senior-fullstack-developer-1,4
Senior Full-Stack Engineer,22d,https://weworkremotely.com/remote-jobs/uncap-senior-full-stack-engineer,4
Senior Business Development Executive - IT Sales (US Market Remote),22d,https://weworkremotely.com/remote-jobs/unico-connect-senior-business-development-executive-it-sales-us-market-remote,4
Frappe/ERPNext Developer (Remote),22d,https://weworkremotely.com/remote-jobs/findev-financial-software-systems-frappe-erpnext-developer-remote,4
Freelance Facebook & Google Ads Expert - India Remote $10K-$15K per Campaign,22d,https://weworkremotely.com/remote-jobs/canara-bank-securities-limited-freelance-facebook-google-ads-expert-india-remote-10k-15k-per,4
Senior MS Dynamics 365 Developer - URGENT - Full remote - contractor in USD,22d,https://weworkremotely.com/remote-jobs/all-european-careers-senior-ms-dynamics-365-developer-urgent-full-remote-contractor,4
Business Development Manager (Remote),22d,https://weworkremotely.com/remote-jobs/airblack-business-development-manager-remote,4
Javascript Fullstack Engineer - Senior,23d,https://weworkremotely.com/remote-jobs/lumenalta-javascript-fullstack-engineer-senior,4
Senior Business Development Executive - IT Sales (Austria and New Zealand regions Remote),23d,https://weworkremotely.com/remote-jobs/unico-connect-senior-business-development-executive-it-sales-austria-and-new-zealand-regions-remote,4
"Software Engineer, Business Experience",24d,https://weworkremotely.com/remote-jobs/codesignal-software-engineer-business-experience,4
Senior Shopify Developer (Remote + Flexible),24d,https://weworkremotely.com/remote-jobs/storetasker-senior-shopify-developer-remote-flexible-3,4
Senior Backend Engineer,25d,https://weworkremotely.com/remote-jobs/elevate-labs-senior-backend-engineer-1,4
Lead Full Stack Engineer,27d,https://weworkremotely.com/remote-jobs/child-mind-institute-lead-full-stack-engineer,4
Technical Solutions Consultant,28d,https://weworkremotely.com/remote-jobs/bema-information-technologies-technical-solutions-consultant,4
Software Developer,28d,https://weworkremotely.com/remote-jobs/bema-information-technologies-software-developer,4
Head of Engineering,30d,https://weworkremotely.com/remote-jobs/zanda-health-head-of-engineering,4
Senior TypeScript SDK Engineer,NEW,https://weworkremotely.com/remote-jobs/nutrient-senior-typescript-sdk-engineer,5
Senior Web Engineer,3d,https://weworkremotely.com/remote-jobs/young-americans-for-liberty-senior-web-engineer,5
Software engineer,3d,https://weworkremotely.com/remote-jobs/sticker-mule-software-engineer-1,5
React/Node Fullstack Developer,4d,https://weworkremotely.com/remote-jobs/clouddevs-react-node-fullstack-developer-4,5
WordPress Plugins & Themes developer,28d,https://weworkremotely.com/remote-jobs/melapress-wordpress-plugins-themes-developer,5
"Software Engineer (Frontend, Backend, or Full stack)",7d,https://weworkremotely.com/remote-jobs/subscript-software-engineer-frontend-backend-or-full-stack-2,5
acecompressionfittings.com Remote E-Commerce Manager (Shopify + ERP + Digital Campaigns),9d,https://weworkremotely.com/remote-jobs/ace-stainless-supply-acecompressionfittings-com-remote-e-commerce-manager-shopify-erp-digital-campaigns,5
"Remote C# .NET Developer (WinForms, Trading Platform) – Exceptional Talent Wanted",10d,https://weworkremotely.com/remote-jobs/jigsaw-trading-limited-remote-csharp-net-developer-winforms-trading-platform-exceptional-talent-wanted,5
Senior Software Engineer,13d,https://weworkremotely.com/remote-jobs/intellisync-srl-senior-software-engineer,5
Experienced Laravel Developer - APAC Region,15d,https://weworkremotely.com/remote-jobs/zapiet-experienced-laravel-developer-apac-region,5
Senior Support Engineer,16d,https://weworkremotely.com/remote-jobs/carebit-senior-support-engineer,5
Sr. Full Stack Software Engineer (React Native),17d,https://weworkremotely.com/remote-jobs/meo-health-sr-full-stack-software-engineer-react-native,5
Senior Full Stack Engineer,20d,https://weworkremotely.com/remote-jobs/sonix-senior-full-stack-engineer,5
Senior Independent Software Developer ($90-$170/hr),20d,https://weworkremotely.com/remote-jobs/a-team-senior-independent-software-developer-90-170-hr,5
Senior Full-Stack Software Engineer (Remote),20d,https://weworkremotely.com/remote-jobs/skedda-senior-full-stack-software-engineer-remote-1,5
Senior Fullstack Developer,21d,https://weworkremotely.com/remote-jobs/proxify-ab-senior-fullstack-developer-1,5
Senior Full-Stack Engineer,22d,https://weworkremotely.com/remote-jobs/uncap-senior-full-stack-engineer,5
Senior Business Development Executive - IT Sales (US Market Remote),22d,https://weworkremotely.com/remote-jobs/unico-connect-senior-business-development-executive-it-sales-us-market-remote,5
Frappe/ERPNext Developer (Remote),22d,https://weworkremotely.com/remote-jobs/findev-financial-software-systems-frappe-erpnext-developer-remote,5
Freelance Facebook & Google Ads Expert - India Remote $10K-$15K per Campaign,22d,https://weworkremotely.com/remote-jobs/canara-bank-securities-limited-freelance-facebook-google-ads-expert-india-remote-10k-15k-per,5
Senior MS Dynamics 365 Developer - URGENT - Full remote - contractor in USD,22d,https://weworkremotely.com/remote-jobs/all-european-careers-senior-ms-dynamics-365-developer-urgent-full-remote-contractor,5
Business Development Manager (Remote),22d,https://weworkremotely.com/remote-jobs/airblack-business-development-manager-remote,5
Javascript Fullstack Engineer - Senior,23d,https://weworkremotely.com/remote-jobs/lumenalta-javascript-fullstack-engineer-senior,5
Senior Business Development Executive - IT Sales (Austria and New Zealand regions Remote),23d,https://weworkremotely.com/remote-jobs/unico-connect-senior-business-development-executive-it-sales-austria-and-new-zealand-regions-remote,5
"Software Engineer, Business Experience",24d,https://weworkremotely.com/remote-jobs/codesignal-software-engineer-business-experience,5
Senior Shopify Developer (Remote + Flexible),24d,https://weworkremotely.com/remote-jobs/storetasker-senior-shopify-developer-remote-flexible-3,5
Senior Backend Engineer,25d,https://weworkremotely.com/remote-jobs/elevate-labs-senior-backend-engineer-1,5
Lead Full Stack Engineer,27d,https://weworkremotely.com/remote-jobs/child-mind-institute-lead-full-stack-engineer,5
Technical Solutions Consultant,28d,https://weworkremotely.com/remote-jobs/bema-information-technologies-technical-solutions-consultant,5
Software Developer,28d,https://weworkremotely.com/remote-jobs/bema-information-technologies-software-developer,5
Head of Engineering,30d,https://weworkremotely.com/remote-jobs/zanda-health-head-of-engineering,5
